{
  "openapi" : "3.0.1",
  "info" : {
    "title" : "hippo-api-gateway-dev",
    "description" : "Hippo Community API Gateway",
    "version" : "2025-09-29T01:51:44Z"
  },
  "servers" : [ {
    "url" : "https://api.seesun.cloud"
  } ],
  "paths" : {
    "/api/study-groups/meetings/{meetingId}" : {
      "get" : {
        "parameters" : [ {
          "name" : "meetingId",
          "in" : "path",
          "required" : true,
          "schema" : {
            "type" : "string"
          }
        } ],
        "responses" : {
          "200" : {
            "description" : "200 response",
            "headers" : {
              "Access-Control-Allow-Origin" : {
                "schema" : {
                  "type" : "string"
                }
              }
            },
            "content" : {
              "application/json" : {
                "schema" : {
                  "$ref" : "#/components/schemas/Empty"
                }
              }
            }
          }
        }
      },
      "put" : {
        "parameters" : [ {
          "name" : "meetingId",
          "in" : "path",
          "required" : true,
          "schema" : {
            "type" : "string"
          }
        } ]
      },
      "delete" : {
        "parameters" : [ {
          "name" : "meetingId",
          "in" : "path",
          "required" : true,
          "schema" : {
            "type" : "string"
          }
        } ],
        "responses" : {
          "200" : {
            "description" : "200 response",
            "headers" : {
              "Access-Control-Allow-Origin" : {
                "schema" : {
                  "type" : "string"
                }
              }
            },
            "content" : {
              "application/json" : {
                "schema" : {
                  "$ref" : "#/components/schemas/Empty"
                }
              }
            }
          }
        }
      },
      "options" : {
        "parameters" : [ {
          "name" : "meetingId",
          "in" : "path",
          "required" : true,
          "schema" : {
            "type" : "string"
          }
        } ],
        "responses" : {
          "200" : {
            "description" : "200 response",
            "headers" : {
              "Access-Control-Allow-Origin" : {
                "schema" : {
                  "type" : "string"
                }
              },
              "Access-Control-Allow-Methods" : {
                "schema" : {
                  "type" : "string"
                }
              },
              "Access-Control-Allow-Headers" : {
                "schema" : {
                  "type" : "string"
                }
              }
            },
            "content" : {
              "application/json" : {
                "schema" : {
                  "$ref" : "#/components/schemas/Empty"
                }
              }
            }
          }
        }
      }
    },
    "/api/jobs-news" : {
      "get" : { }
    },
    "/api/study-groups" : {
      "get" : { },
      "post" : {
        "responses" : {
          "200" : {
            "description" : "200 response",
            "headers" : {
              "Access-Control-Allow-Origin" : {
                "schema" : {
                  "type" : "string"
                }
              },
              "Access-Control-Allow-Methods" : {
                "schema" : {
                  "type" : "string"
                }
              },
              "Access-Control-Allow-Headers" : {
                "schema" : {
                  "type" : "string"
                }
              }
            },
            "content" : {
              "application/json" : {
                "schema" : {
                  "$ref" : "#/components/schemas/Empty"
                }
              }
            }
          }
        }
      },
      "options" : {
        "responses" : {
          "200" : {
            "description" : "200 response",
            "headers" : {
              "Access-Control-Expose-Headers" : {
                "schema" : {
                  "type" : "string"
                }
              },
              "Access-Control-Allow-Origin" : {
                "schema" : {
                  "type" : "string"
                }
              },
              "Access-Control-Allow-Methods" : {
                "schema" : {
                  "type" : "string"
                }
              },
              "Access-Control-Allow-Headers" : {
                "schema" : {
                  "type" : "string"
                }
              }
            },
            "content" : { }
          }
        }
      }
    },
    "/api/notifications/{id}" : {
      "get" : {
        "parameters" : [ {
          "name" : "id",
          "in" : "path",
          "required" : true,
          "schema" : {
            "type" : "string"
          }
        } ],
        "responses" : {
          "200" : {
            "description" : "200 response",
            "headers" : {
              "Access-Control-Allow-Origin" : {
                "schema" : {
                  "type" : "string"
                }
              }
            },
            "content" : {
              "application/json" : {
                "schema" : {
                  "$ref" : "#/components/schemas/Empty"
                }
              }
            }
          }
        }
      },
      "put" : {
        "parameters" : [ {
          "name" : "id",
          "in" : "path",
          "required" : true,
          "schema" : {
            "type" : "string"
          }
        } ],
        "responses" : {
          "200" : {
            "description" : "200 response",
            "headers" : {
              "Access-Control-Allow-Origin" : {
                "schema" : {
                  "type" : "string"
                }
              }
            },
            "content" : {
              "application/json" : {
                "schema" : {
                  "$ref" : "#/components/schemas/Empty"
                }
              }
            }
          }
        }
      },
      "delete" : {
        "parameters" : [ {
          "name" : "id",
          "in" : "path",
          "required" : true,
          "schema" : {
            "type" : "string"
          }
        } ],
        "responses" : {
          "200" : {
            "description" : "200 response",
            "headers" : {
              "Access-Control-Allow-Origin" : {
                "schema" : {
                  "type" : "string"
                }
              }
            },
            "content" : {
              "application/json" : {
                "schema" : {
                  "$ref" : "#/components/schemas/Empty"
                }
              }
            }
          }
        }
      },
      "options" : {
        "parameters" : [ {
          "name" : "id",
          "in" : "path",
          "required" : true,
          "schema" : {
            "type" : "string"
          }
        } ],
        "responses" : {
          "200" : {
            "description" : "200 response",
            "headers" : {
              "Access-Control-Allow-Origin" : {
                "schema" : {
                  "type" : "string"
                }
              },
              "Access-Control-Allow-Methods" : {
                "schema" : {
                  "type" : "string"
                }
              },
              "Access-Control-Allow-Headers" : {
                "schema" : {
                  "type" : "string"
                }
              }
            },
            "content" : {
              "application/json" : {
                "schema" : {
                  "$ref" : "#/components/schemas/Empty"
                }
              }
            }
          }
        }
      }
    },
    "/api/board" : {
      "get" : {
        "responses" : {
          "200" : {
            "description" : "200 response",
            "headers" : {
              "Access-Control-Allow-Origin" : {
                "schema" : {
                  "type" : "string"
                }
              }
            },
            "content" : {
              "application/json" : {
                "schema" : {
                  "$ref" : "#/components/schemas/Empty"
                }
              }
            }
          }
        }
      },
      "options" : {
        "responses" : {
          "200" : {
            "description" : "200 response",
            "headers" : {
              "Access-Control-Allow-Origin" : {
                "schema" : {
                  "type" : "string"
                }
              },
              "Access-Control-Allow-Methods" : {
                "schema" : {
                  "type" : "string"
                }
              },
              "Access-Control-Allow-Headers" : {
                "schema" : {
                  "type" : "string"
                }
              }
            },
            "content" : {
              "application/json" : {
                "schema" : {
                  "$ref" : "#/components/schemas/Empty"
                }
              }
            }
          }
        }
      }
    },
    "/api/study-groups/{id}/kick" : {
      "post" : {
        "parameters" : [ {
          "name" : "id",
          "in" : "path",
          "required" : true,
          "schema" : {
            "type" : "string"
          }
        } ],
        "responses" : {
          "200" : {
            "description" : "200 response",
            "headers" : {
              "Access-Control-Allow-Origin" : {
                "schema" : {
                  "type" : "string"
                }
              }
            },
            "content" : {
              "application/json" : {
                "schema" : {
                  "$ref" : "#/components/schemas/Empty"
                }
              }
            }
          }
        }
      },
      "options" : {
        "parameters" : [ {
          "name" : "id",
          "in" : "path",
          "required" : true,
          "schema" : {
            "type" : "string"
          }
        } ],
        "responses" : {
          "200" : {
            "description" : "200 response",
            "headers" : {
              "Access-Control-Allow-Origin" : {
                "schema" : {
                  "type" : "string"
                }
              },
              "Access-Control-Allow-Methods" : {
                "schema" : {
                  "type" : "string"
                }
              },
              "Access-Control-Allow-Headers" : {
                "schema" : {
                  "type" : "string"
                }
              }
            },
            "content" : {
              "application/json" : {
                "schema" : {
                  "$ref" : "#/components/schemas/Empty"
                }
              }
            }
          }
        }
      }
    },
    "/api/study-groups/meetings" : {
      "get" : {
        "responses" : {
          "200" : {
            "description" : "200 response",
            "headers" : {
              "Access-Control-Allow-Origin" : {
                "schema" : {
                  "type" : "string"
                }
              }
            },
            "content" : {
              "application/json" : {
                "schema" : {
                  "$ref" : "#/components/schemas/Empty"
                }
              }
            }
          }
        }
      },
      "options" : {
        "responses" : {
          "200" : {
            "description" : "200 response",
            "headers" : {
              "Access-Control-Allow-Origin" : {
                "schema" : {
                  "type" : "string"
                }
              },
              "Access-Control-Allow-Methods" : {
                "schema" : {
                  "type" : "string"
                }
              },
              "Access-Control-Allow-Headers" : {
                "schema" : {
                  "type" : "string"
                }
              }
            },
            "content" : {
              "application/json" : {
                "schema" : {
                  "$ref" : "#/components/schemas/Empty"
                }
              }
            }
          }
        }
      }
    },
    "/api/study-groups/{id}/leave" : {
      "post" : {
        "parameters" : [ {
          "name" : "id",
          "in" : "path",
          "required" : true,
          "schema" : {
            "type" : "string"
          }
        } ],
        "responses" : {
          "200" : {
            "description" : "200 response",
            "headers" : {
              "Access-Control-Allow-Origin" : {
                "schema" : {
                  "type" : "string"
                }
              }
            },
            "content" : {
              "application/json" : {
                "schema" : {
                  "$ref" : "#/components/schemas/Empty"
                }
              }
            }
          }
        }
      },
      "options" : {
        "parameters" : [ {
          "name" : "id",
          "in" : "path",
          "required" : true,
          "schema" : {
            "type" : "string"
          }
        } ],
        "responses" : {
          "200" : {
            "description" : "200 response",
            "headers" : {
              "Access-Control-Allow-Origin" : {
                "schema" : {
                  "type" : "string"
                }
              },
              "Access-Control-Allow-Methods" : {
                "schema" : {
                  "type" : "string"
                }
              },
              "Access-Control-Allow-Headers" : {
                "schema" : {
                  "type" : "string"
                }
              }
            },
            "content" : {
              "application/json" : {
                "schema" : {
                  "$ref" : "#/components/schemas/Empty"
                }
              }
            }
          }
        }
      }
    },
    "/api/board/posts" : {
      "get" : {
        "parameters" : [ {
          "name" : "category",
          "in" : "query",
          "schema" : {
            "type" : "string"
          }
        }, {
          "name" : "limit",
          "in" : "query",
          "schema" : {
            "type" : "string"
          }
        }, {
          "name" : "page",
          "in" : "query",
          "schema" : {
            "type" : "string"
          }
        }, {
          "name" : "search",
          "in" : "query",
          "schema" : {
            "type" : "string"
          }
        } ],
        "responses" : {
          "200" : {
            "description" : "200 response",
            "headers" : {
              "Access-Control-Allow-Origin" : {
                "schema" : {
                  "type" : "string"
                }
              },
              "Access-Control-Allow-Methods" : {
                "schema" : {
                  "type" : "string"
                }
              },
              "Access-Control-Allow-Credentials" : {
                "schema" : {
                  "type" : "string"
                }
              },
              "Access-Control-Allow-Headers" : {
                "schema" : {
                  "type" : "string"
                }
              }
            },
            "content" : { }
          }
        }
      },
      "post" : { },
      "options" : {
        "responses" : {
          "200" : {
            "description" : "200 response",
            "headers" : {
              "Access-Control-Allow-Origin" : {
                "schema" : {
                  "type" : "string"
                }
              },
              "Access-Control-Allow-Methods" : {
                "schema" : {
                  "type" : "string"
                }
              },
              "Access-Control-Allow-Headers" : {
                "schema" : {
                  "type" : "string"
                }
              }
            },
            "content" : { }
          }
        }
      }
    },
    "/api/board/posts/{postId}/like" : {
      "get" : {
        "parameters" : [ {
          "name" : "postId",
          "in" : "path",
          "required" : true,
          "schema" : {
            "type" : "string"
          }
        } ]
      },
      "post" : {
        "parameters" : [ {
          "name" : "postId",
          "in" : "path",
          "required" : true,
          "schema" : {
            "type" : "string"
          }
        } ]
      },
      "delete" : {
        "parameters" : [ {
          "name" : "postId",
          "in" : "path",
          "required" : true,
          "schema" : {
            "type" : "string"
          }
        } ]
      },
      "options" : {
        "parameters" : [ {
          "name" : "postId",
          "in" : "path",
          "required" : true,
          "schema" : {
            "type" : "string"
          }
        } ],
        "responses" : {
          "200" : {
            "description" : "200 response",
            "headers" : {
              "Access-Control-Allow-Origin" : {
                "schema" : {
                  "type" : "string"
                }
              },
              "Access-Control-Allow-Methods" : {
                "schema" : {
                  "type" : "string"
                }
              },
              "Access-Control-Allow-Credentials" : {
                "schema" : {
                  "type" : "string"
                }
              },
              "Access-Control-Allow-Headers" : {
                "schema" : {
                  "type" : "string"
                }
              }
            },
            "content" : { }
          }
        }
      }
    },
    "/api/study-groups/meetings/{meetingId}/attendance" : {
      "get" : {
        "parameters" : [ {
          "name" : "meetingId",
          "in" : "path",
          "required" : true,
          "schema" : {
            "type" : "string"
          }
        } ],
        "responses" : {
          "200" : {
            "description" : "200 response",
            "content" : {
              "application/json" : {
                "schema" : {
                  "$ref" : "#/components/schemas/Empty"
                }
              }
            }
          }
        }
      },
      "post" : {
        "parameters" : [ {
          "name" : "meetingId",
          "in" : "path",
          "required" : true,
          "schema" : {
            "type" : "string"
          }
        } ],
        "responses" : {
          "200" : {
            "description" : "200 response",
            "content" : {
              "application/json" : {
                "schema" : {
                  "$ref" : "#/components/schemas/Empty"
                }
              }
            }
          }
        }
      },
      "options" : {
        "parameters" : [ {
          "name" : "meetingId",
          "in" : "path",
          "required" : true,
          "schema" : {
            "type" : "string"
          }
        } ],
        "responses" : {
          "200" : {
            "description" : "200 response",
            "headers" : {
              "Access-Control-Allow-Origin" : {
                "schema" : {
                  "type" : "string"
                }
              },
              "Access-Control-Allow-Methods" : {
                "schema" : {
                  "type" : "string"
                }
              },
              "Access-Control-Allow-Headers" : {
                "schema" : {
                  "type" : "string"
                }
              }
            },
            "content" : {
              "application/json" : {
                "schema" : {
                  "$ref" : "#/components/schemas/Empty"
                }
              }
            }
          }
        }
      }
    },
    "/api/portfolio/feedbacks/{id}" : {
      "get" : {
        "parameters" : [ {
          "name" : "id",
          "in" : "path",
          "required" : true,
          "schema" : {
            "type" : "string"
          }
        } ],
        "responses" : {
          "200" : {
            "description" : "200 response",
            "headers" : {
              "Access-Control-Allow-Origin" : {
                "schema" : {
                  "type" : "string"
                }
              }
            },
            "content" : {
              "application/json" : {
                "schema" : {
                  "$ref" : "#/components/schemas/Empty"
                }
              }
            }
          }
        }
      },
      "options" : {
        "parameters" : [ {
          "name" : "id",
          "in" : "path",
          "required" : true,
          "schema" : {
            "type" : "string"
          }
        } ],
        "responses" : {
          "200" : {
            "description" : "200 response",
            "headers" : {
              "Access-Control-Allow-Origin" : {
                "schema" : {
                  "type" : "string"
                }
              },
              "Access-Control-Allow-Methods" : {
                "schema" : {
                  "type" : "string"
                }
              },
              "Access-Control-Allow-Headers" : {
                "schema" : {
                  "type" : "string"
                }
              }
            },
            "content" : {
              "application/json" : {
                "schema" : {
                  "$ref" : "#/components/schemas/Empty"
                }
              }
            }
          }
        }
      }
    },
    "/api/board/users/{userId}/posts" : {
      "get" : {
        "parameters" : [ {
          "name" : "userId",
          "in" : "path",
          "required" : true,
          "schema" : {
            "type" : "string"
          }
        } ],
        "responses" : {
          "200" : {
            "description" : "200 response",
            "content" : {
              "application/json" : {
                "schema" : {
                  "$ref" : "#/components/schemas/Empty"
                }
              }
            }
          }
        }
      }
    },
    "/api/study-groups/{id}/meetings" : {
      "get" : {
        "parameters" : [ {
          "name" : "id",
          "in" : "path",
          "required" : true,
          "schema" : {
            "type" : "string"
          }
        } ],
        "responses" : {
          "200" : {
            "description" : "200 response",
            "headers" : {
              "Access-Control-Allow-Origin" : {
                "schema" : {
                  "type" : "string"
                }
              }
            },
            "content" : {
              "application/json" : {
                "schema" : {
                  "$ref" : "#/components/schemas/Empty"
                }
              }
            }
          }
        }
      },
      "post" : {
        "parameters" : [ {
          "name" : "id",
          "in" : "path",
          "required" : true,
          "schema" : {
            "type" : "string"
          }
        } ],
        "responses" : {
          "200" : {
            "description" : "200 response",
            "headers" : {
              "Access-Control-Allow-Origin" : {
                "schema" : {
                  "type" : "string"
                }
              }
            },
            "content" : {
              "application/json" : {
                "schema" : {
                  "$ref" : "#/components/schemas/Empty"
                }
              }
            }
          }
        }
      },
      "options" : {
        "parameters" : [ {
          "name" : "id",
          "in" : "path",
          "required" : true,
          "schema" : {
            "type" : "string"
          }
        } ],
        "responses" : {
          "200" : {
            "description" : "200 response",
            "headers" : {
              "Access-Control-Allow-Origin" : {
                "schema" : {
                  "type" : "string"
                }
              },
              "Access-Control-Allow-Methods" : {
                "schema" : {
                  "type" : "string"
                }
              },
              "Access-Control-Allow-Headers" : {
                "schema" : {
                  "type" : "string"
                }
              }
            },
            "content" : {
              "application/json" : {
                "schema" : {
                  "$ref" : "#/components/schemas/Empty"
                }
              }
            }
          }
        }
      }
    },
    "/api/notifications/user/{userId}/read-all" : {
      "put" : {
        "parameters" : [ {
          "name" : "userId",
          "in" : "path",
          "required" : true,
          "schema" : {
            "type" : "string"
          }
        } ],
        "responses" : {
          "200" : {
            "description" : "200 response",
            "headers" : {
              "Access-Control-Allow-Origin" : {
                "schema" : {
                  "type" : "string"
                }
              }
            },
            "content" : {
              "application/json" : {
                "schema" : {
                  "$ref" : "#/components/schemas/Empty"
                }
              }
            }
          }
        }
      },
      "options" : {
        "parameters" : [ {
          "name" : "userId",
          "in" : "path",
          "required" : true,
          "schema" : {
            "type" : "string"
          }
        } ],
        "responses" : {
          "200" : {
            "description" : "200 response",
            "headers" : {
              "Access-Control-Allow-Origin" : {
                "schema" : {
                  "type" : "string"
                }
              },
              "Access-Control-Allow-Methods" : {
                "schema" : {
                  "type" : "string"
                }
              },
              "Access-Control-Allow-Headers" : {
                "schema" : {
                  "type" : "string"
                }
              }
            },
            "content" : {
              "application/json" : {
                "schema" : {
                  "$ref" : "#/components/schemas/Empty"
                }
              }
            }
          }
        }
      }
    },
    "/api/board/categories" : {
      "get" : { },
      "options" : {
        "responses" : {
          "200" : {
            "description" : "200 response",
            "headers" : {
              "Access-Control-Allow-Origin" : {
                "schema" : {
                  "type" : "string"
                }
              },
              "Access-Control-Allow-Methods" : {
                "schema" : {
                  "type" : "string"
                }
              },
              "Access-Control-Allow-Headers" : {
                "schema" : {
                  "type" : "string"
                }
              }
            },
            "content" : { }
          }
        }
      }
    },
    "/api/notifications/user/{userId}/unread-count" : {
      "get" : {
        "parameters" : [ {
          "name" : "userId",
          "in" : "path",
          "required" : true,
          "schema" : {
            "type" : "string"
          }
        } ],
        "responses" : {
          "200" : {
            "description" : "200 response",
            "headers" : {
              "Access-Control-Allow-Origin" : {
                "schema" : {
                  "type" : "string"
                }
              }
            },
            "content" : {
              "application/json" : {
                "schema" : {
                  "$ref" : "#/components/schemas/Empty"
                }
              }
            }
          }
        }
      },
      "options" : {
        "parameters" : [ {
          "name" : "userId",
          "in" : "path",
          "required" : true,
          "schema" : {
            "type" : "string"
          }
        } ],
        "responses" : {
          "200" : {
            "description" : "200 response",
            "headers" : {
              "Access-Control-Allow-Origin" : {
                "schema" : {
                  "type" : "string"
                }
              },
              "Access-Control-Allow-Methods" : {
                "schema" : {
                  "type" : "string"
                }
              },
              "Access-Control-Allow-Headers" : {
                "schema" : {
                  "type" : "string"
                }
              }
            },
            "content" : {
              "application/json" : {
                "schema" : {
                  "$ref" : "#/components/schemas/Empty"
                }
              }
            }
          }
        }
      }
    },
    "/api/notifications/user/{userId}" : {
      "get" : {
        "parameters" : [ {
          "name" : "userId",
          "in" : "path",
          "required" : true,
          "schema" : {
            "type" : "string"
          }
        } ],
        "responses" : {
          "200" : {
            "description" : "200 response",
            "headers" : {
              "Access-Control-Allow-Origin" : {
                "schema" : {
                  "type" : "string"
                }
              }
            },
            "content" : {
              "application/json" : {
                "schema" : {
                  "$ref" : "#/components/schemas/Empty"
                }
              }
            }
          }
        }
      },
      "put" : {
        "parameters" : [ {
          "name" : "userId",
          "in" : "path",
          "required" : true,
          "schema" : {
            "type" : "string"
          }
        } ],
        "responses" : {
          "200" : {
            "description" : "200 response",
            "headers" : {
              "Access-Control-Allow-Origin" : {
                "schema" : {
                  "type" : "string"
                }
              }
            },
            "content" : {
              "application/json" : {
                "schema" : {
                  "$ref" : "#/components/schemas/Empty"
                }
              }
            }
          }
        }
      },
      "options" : {
        "parameters" : [ {
          "name" : "userId",
          "in" : "path",
          "required" : true,
          "schema" : {
            "type" : "string"
          }
        } ],
        "responses" : {
          "200" : {
            "description" : "200 response",
            "headers" : {
              "Access-Control-Allow-Origin" : {
                "schema" : {
                  "type" : "string"
                }
              },
              "Access-Control-Allow-Methods" : {
                "schema" : {
                  "type" : "string"
                }
              },
              "Access-Control-Allow-Headers" : {
                "schema" : {
                  "type" : "string"
                }
              }
            },
            "content" : {
              "application/json" : {
                "schema" : {
                  "$ref" : "#/components/schemas/Empty"
                }
              }
            }
          }
        }
      }
    },
    "/api/study-groups/users/{userId}/participating" : {
      "get" : {
        "parameters" : [ {
          "name" : "userId",
          "in" : "path",
          "required" : true,
          "schema" : {
            "type" : "string"
          }
        } ],
        "responses" : {
          "200" : {
            "description" : "200 response",
            "headers" : {
              "Access-Control-Allow-Origin" : {
                "schema" : {
                  "type" : "string"
                }
              }
            },
            "content" : {
              "application/json" : {
                "schema" : {
                  "$ref" : "#/components/schemas/Empty"
                }
              }
            }
          }
        }
      },
      "options" : {
        "parameters" : [ {
          "name" : "userId",
          "in" : "path",
          "required" : true,
          "schema" : {
            "type" : "string"
          }
        } ],
        "responses" : {
          "200" : {
            "description" : "200 response",
            "headers" : {
              "Access-Control-Allow-Origin" : {
                "schema" : {
                  "type" : "string"
                }
              },
              "Access-Control-Allow-Methods" : {
                "schema" : {
                  "type" : "string"
                }
              },
              "Access-Control-Allow-Headers" : {
                "schema" : {
                  "type" : "string"
                }
              }
            },
            "content" : {
              "application/json" : {
                "schema" : {
                  "$ref" : "#/components/schemas/Empty"
                }
              }
            }
          }
        }
      }
    },
    "/api/board/posts/{postId}/comments/{commentId}" : {
      "put" : {
        "parameters" : [ {
          "name" : "commentId",
          "in" : "path",
          "required" : true,
          "schema" : {
            "type" : "string"
          }
        }, {
          "name" : "postId",
          "in" : "path",
          "required" : true,
          "schema" : {
            "type" : "string"
          }
        } ]
      },
      "delete" : {
        "parameters" : [ {
          "name" : "commentId",
          "in" : "path",
          "required" : true,
          "schema" : {
            "type" : "string"
          }
        }, {
          "name" : "postId",
          "in" : "path",
          "required" : true,
          "schema" : {
            "type" : "string"
          }
        } ]
      },
      "options" : {
        "parameters" : [ {
          "name" : "commentId",
          "in" : "path",
          "required" : true,
          "schema" : {
            "type" : "string"
          }
        }, {
          "name" : "postId",
          "in" : "path",
          "required" : true,
          "schema" : {
            "type" : "string"
          }
        } ],
        "responses" : {
          "200" : {
            "description" : "200 response",
            "headers" : {
              "Access-Control-Allow-Origin" : {
                "schema" : {
                  "type" : "string"
                }
              },
              "Access-Control-Allow-Methods" : {
                "schema" : {
                  "type" : "string"
                }
              },
              "Access-Control-Allow-Headers" : {
                "schema" : {
                  "type" : "string"
                }
              }
            },
            "content" : { }
          }
        }
      }
    },
    "/api/portfolio/feedbacks" : {
      "get" : {
        "responses" : {
          "200" : {
            "description" : "200 response",
            "headers" : {
              "Access-Control-Allow-Origin" : {
                "schema" : {
                  "type" : "string"
                }
              }
            },
            "content" : {
              "application/json" : {
                "schema" : {
                  "$ref" : "#/components/schemas/Empty"
                }
              }
            }
          }
        }
      },
      "options" : {
        "responses" : {
          "200" : {
            "description" : "200 response",
            "headers" : {
              "Access-Control-Allow-Origin" : {
                "schema" : {
                  "type" : "string"
                }
              },
              "Access-Control-Allow-Methods" : {
                "schema" : {
                  "type" : "string"
                }
              },
              "Access-Control-Allow-Headers" : {
                "schema" : {
                  "type" : "string"
                }
              }
            },
            "content" : {
              "application/json" : {
                "schema" : {
                  "$ref" : "#/components/schemas/Empty"
                }
              }
            }
          }
        }
      }
    },
    "/api/board/comments/{commentId}" : {
      "put" : {
        "parameters" : [ {
          "name" : "commentId",
          "in" : "path",
          "required" : true,
          "schema" : {
            "type" : "string"
          }
        } ]
      },
      "delete" : {
        "parameters" : [ {
          "name" : "commentId",
          "in" : "path",
          "required" : true,
          "schema" : {
            "type" : "string"
          }
        } ]
      },
      "options" : {
        "parameters" : [ {
          "name" : "commentId",
          "in" : "path",
          "required" : true,
          "schema" : {
            "type" : "string"
          }
        } ],
        "responses" : {
          "200" : {
            "description" : "200 response",
            "headers" : {
              "Access-Control-Allow-Origin" : {
                "schema" : {
                  "type" : "string"
                }
              },
              "Access-Control-Allow-Methods" : {
                "schema" : {
                  "type" : "string"
                }
              },
              "Access-Control-Allow-Headers" : {
                "schema" : {
                  "type" : "string"
                }
              }
            },
            "content" : { }
          }
        }
      }
    },
    "/api/users/{userId}" : {
      "put" : {
        "parameters" : [ {
          "name" : "userId",
          "in" : "path",
          "required" : true,
          "schema" : {
            "type" : "string"
          }
        } ],
        "responses" : {
          "200" : {
            "description" : "200 response",
            "content" : {
              "application/json" : {
                "schema" : {
                  "$ref" : "#/components/schemas/Empty"
                }
              }
            }
          }
        }
      },
      "delete" : {
        "parameters" : [ {
          "name" : "userId",
          "in" : "path",
          "required" : true,
          "schema" : {
            "type" : "string"
          }
        } ],
        "responses" : {
          "200" : {
            "description" : "200 response",
            "content" : {
              "application/json" : {
                "schema" : {
                  "$ref" : "#/components/schemas/Empty"
                }
              }
            }
          }
        }
      },
      "options" : {
        "parameters" : [ {
          "name" : "userId",
          "in" : "path",
          "required" : true,
          "schema" : {
            "type" : "string"
          }
        } ],
        "responses" : {
          "200" : {
            "description" : "200 response",
            "headers" : {
              "Access-Control-Allow-Origin" : {
                "schema" : {
                  "type" : "string"
                }
              },
              "Access-Control-Allow-Methods" : {
                "schema" : {
                  "type" : "string"
                }
              },
              "Access-Control-Allow-Headers" : {
                "schema" : {
                  "type" : "string"
                }
              }
            },
            "content" : {
              "application/json" : {
                "schema" : {
                  "$ref" : "#/components/schemas/Empty"
                }
              }
            }
          }
        }
      }
    },
    "/api/notifications/{id}/read" : {
      "put" : {
        "parameters" : [ {
          "name" : "id",
          "in" : "path",
          "required" : true,
          "schema" : {
            "type" : "string"
          }
        } ],
        "responses" : {
          "200" : {
            "description" : "200 response",
            "headers" : {
              "Access-Control-Allow-Origin" : {
                "schema" : {
                  "type" : "string"
                }
              }
            },
            "content" : {
              "application/json" : {
                "schema" : {
                  "$ref" : "#/components/schemas/Empty"
                }
              }
            }
          }
        }
      },
      "options" : {
        "parameters" : [ {
          "name" : "id",
          "in" : "path",
          "required" : true,
          "schema" : {
            "type" : "string"
          }
        } ],
        "responses" : {
          "200" : {
            "description" : "200 response",
            "headers" : {
              "Access-Control-Allow-Origin" : {
                "schema" : {
                  "type" : "string"
                }
              },
              "Access-Control-Allow-Methods" : {
                "schema" : {
                  "type" : "string"
                }
              },
              "Access-Control-Allow-Headers" : {
                "schema" : {
                  "type" : "string"
                }
              }
            },
            "content" : {
              "application/json" : {
                "schema" : {
                  "$ref" : "#/components/schemas/Empty"
                }
              }
            }
          }
        }
      }
    },
    "/api/notifications" : {
      "get" : { },
      "post" : { },
      "options" : {
        "responses" : {
          "200" : {
            "description" : "200 response",
            "headers" : {
              "Access-Control-Allow-Origin" : {
                "schema" : {
                  "type" : "string"
                }
              },
              "Access-Control-Allow-Methods" : {
                "schema" : {
                  "type" : "string"
                }
              },
              "Access-Control-Allow-Headers" : {
                "schema" : {
                  "type" : "string"
                }
              }
            },
            "content" : {
              "application/json" : {
                "schema" : {
                  "$ref" : "#/components/schemas/Empty"
                }
              }
            }
          }
        }
      }
    },
    "/api/board/posts/{postId}/comments" : {
      "get" : {
        "parameters" : [ {
          "name" : "postId",
          "in" : "path",
          "required" : true,
          "schema" : {
            "type" : "string"
          }
        } ]
      },
      "post" : {
        "parameters" : [ {
          "name" : "postId",
          "in" : "path",
          "required" : true,
          "schema" : {
            "type" : "string"
          }
        } ]
      },
      "options" : {
        "parameters" : [ {
          "name" : "postId",
          "in" : "path",
          "required" : true,
          "schema" : {
            "type" : "string"
          }
        } ],
        "responses" : {
          "200" : {
            "description" : "200 response",
            "headers" : {
              "Access-Control-Allow-Origin" : {
                "schema" : {
                  "type" : "string"
                }
              },
              "Access-Control-Allow-Methods" : {
                "schema" : {
                  "type" : "string"
                }
              },
              "Access-Control-Allow-Headers" : {
                "schema" : {
                  "type" : "string"
                }
              }
            },
            "content" : { }
          }
        }
      }
    },
    "/api/search/autocomplete" : {
      "get" : {
        "responses" : {
          "200" : {
            "description" : "200 response",
            "headers" : {
              "Access-Control-Allow-Origin" : {
                "schema" : {
                  "type" : "string"
                }
              }
            },
            "content" : {
              "application/json" : {
                "schema" : {
                  "$ref" : "#/components/schemas/Empty"
                }
              }
            }
          }
        }
      },
      "options" : {
        "responses" : {
          "200" : {
            "description" : "200 response",
            "headers" : {
              "Access-Control-Allow-Origin" : {
                "schema" : {
                  "type" : "string"
                }
              },
              "Access-Control-Allow-Methods" : {
                "schema" : {
                  "type" : "string"
                }
              },
              "Access-Control-Allow-Headers" : {
                "schema" : {
                  "type" : "string"
                }
              }
            },
            "content" : {
              "application/json" : {
                "schema" : {
                  "$ref" : "#/components/schemas/Empty"
                }
              }
            }
          }
        }
      }
    },
    "/api/study-groups/{id}/join" : {
      "post" : {
        "parameters" : [ {
          "name" : "id",
          "in" : "path",
          "required" : true,
          "schema" : {
            "type" : "string"
          }
        } ],
        "responses" : {
          "200" : {
            "description" : "200 response",
            "headers" : {
              "Access-Control-Allow-Origin" : {
                "schema" : {
                  "type" : "string"
                }
              }
            },
            "content" : {
              "application/json" : {
                "schema" : {
                  "$ref" : "#/components/schemas/Empty"
                }
              }
            }
          }
        }
      },
      "options" : {
        "parameters" : [ {
          "name" : "id",
          "in" : "path",
          "required" : true,
          "schema" : {
            "type" : "string"
          }
        } ],
        "responses" : {
          "200" : {
            "description" : "200 response",
            "headers" : {
              "Access-Control-Allow-Origin" : {
                "schema" : {
                  "type" : "string"
                }
              },
              "Access-Control-Allow-Methods" : {
                "schema" : {
                  "type" : "string"
                }
              },
              "Access-Control-Allow-Headers" : {
                "schema" : {
                  "type" : "string"
                }
              }
            },
            "content" : {
              "application/json" : {
                "schema" : {
                  "$ref" : "#/components/schemas/Empty"
                }
              }
            }
          }
        }
      }
    },
    "/api/autocomplete" : {
      "get" : {
        "responses" : {
          "200" : {
            "description" : "200 response",
            "headers" : {
              "Access-Control-Allow-Origin" : {
                "schema" : {
                  "type" : "string"
                }
              }
            },
            "content" : {
              "application/json" : {
                "schema" : {
                  "$ref" : "#/components/schemas/Empty"
                }
              }
            }
          }
        }
      },
      "options" : {
        "responses" : {
          "200" : {
            "description" : "200 response",
            "headers" : {
              "Access-Control-Allow-Origin" : {
                "schema" : {
                  "type" : "string"
                }
              },
              "Access-Control-Allow-Methods" : {
                "schema" : {
                  "type" : "string"
                }
              },
              "Access-Control-Allow-Headers" : {
                "schema" : {
                  "type" : "string"
                }
              }
            },
            "content" : {
              "application/json" : {
                "schema" : {
                  "$ref" : "#/components/schemas/Empty"
                }
              }
            }
          }
        }
      }
    },
    "/api/users" : {
      "options" : {
        "responses" : {
          "200" : {
            "description" : "200 response",
            "headers" : {
              "Access-Control-Allow-Origin" : {
                "schema" : {
                  "type" : "string"
                }
              },
              "Access-Control-Allow-Methods" : {
                "schema" : {
                  "type" : "string"
                }
              },
              "Access-Control-Allow-Headers" : {
                "schema" : {
                  "type" : "string"
                }
              }
            },
            "content" : {
              "application/json" : {
                "schema" : {
                  "$ref" : "#/components/schemas/Empty"
                }
              }
            }
          }
        }
      }
    },
    "/api/study-groups/{id}" : {
      "get" : {
        "parameters" : [ {
          "name" : "id",
          "in" : "path",
          "required" : true,
          "schema" : {
            "type" : "string"
          }
        } ],
        "responses" : {
          "200" : {
            "description" : "200 response",
            "headers" : {
              "Access-Control-Allow-Origin" : {
                "schema" : {
                  "type" : "string"
                }
              }
            },
            "content" : {
              "application/json" : {
                "schema" : {
                  "$ref" : "#/components/schemas/Empty"
                }
              }
            }
          }
        }
      },
      "put" : {
        "parameters" : [ {
          "name" : "id",
          "in" : "path",
          "required" : true,
          "schema" : {
            "type" : "string"
          }
        } ],
        "responses" : {
          "200" : {
            "description" : "200 response",
            "headers" : {
              "Access-Control-Allow-Origin" : {
                "schema" : {
                  "type" : "string"
                }
              }
            },
            "content" : {
              "application/json" : {
                "schema" : {
                  "$ref" : "#/components/schemas/Empty"
                }
              }
            }
          }
        }
      },
      "delete" : {
        "parameters" : [ {
          "name" : "id",
          "in" : "path",
          "required" : true,
          "schema" : {
            "type" : "string"
          }
        } ],
        "responses" : {
          "200" : {
            "description" : "200 response",
            "headers" : {
              "Access-Control-Allow-Origin" : {
                "schema" : {
                  "type" : "string"
                }
              }
            },
            "content" : {
              "application/json" : {
                "schema" : {
                  "$ref" : "#/components/schemas/Empty"
                }
              }
            }
          }
        }
      },
      "options" : {
        "parameters" : [ {
          "name" : "id",
          "in" : "path",
          "required" : true,
          "schema" : {
            "type" : "string"
          }
        } ],
        "responses" : {
          "200" : {
            "description" : "200 response",
            "headers" : {
              "Access-Control-Allow-Origin" : {
                "schema" : {
                  "type" : "string"
                }
              },
              "Access-Control-Allow-Methods" : {
                "schema" : {
                  "type" : "string"
                }
              },
              "Access-Control-Allow-Headers" : {
                "schema" : {
                  "type" : "string"
                }
              }
            },
            "content" : {
              "application/json" : {
                "schema" : {
                  "$ref" : "#/components/schemas/Empty"
                }
              }
            }
          }
        }
      }
    },
    "/api/search" : {
      "get" : { },
      "options" : {
        "responses" : {
          "200" : {
            "description" : "200 response",
            "headers" : {
              "Access-Control-Allow-Origin" : {
                "schema" : {
                  "type" : "string"
                }
              },
              "Access-Control-Allow-Methods" : {
                "schema" : {
                  "type" : "string"
                }
              },
              "Access-Control-Allow-Headers" : {
                "schema" : {
                  "type" : "string"
                }
              }
            },
            "content" : {
              "application/json" : {
                "schema" : {
                  "$ref" : "#/components/schemas/Empty"
                }
              }
            }
          }
        }
      }
    },
    "/api/study-groups/users/{userId}" : {
      "get" : {
        "parameters" : [ {
          "name" : "userId",
          "in" : "path",
          "required" : true,
          "schema" : {
            "type" : "string"
          }
        } ],
        "responses" : {
          "200" : {
            "description" : "200 response",
            "headers" : {
              "Access-Control-Allow-Origin" : {
                "schema" : {
                  "type" : "string"
                }
              }
            },
            "content" : {
              "application/json" : {
                "schema" : {
                  "$ref" : "#/components/schemas/Empty"
                }
              }
            }
          }
        }
      },
      "options" : {
        "parameters" : [ {
          "name" : "userId",
          "in" : "path",
          "required" : true,
          "schema" : {
            "type" : "string"
          }
        } ],
        "responses" : {
          "200" : {
            "description" : "200 response",
            "headers" : {
              "Access-Control-Allow-Origin" : {
                "schema" : {
                  "type" : "string"
                }
              },
              "Access-Control-Allow-Methods" : {
                "schema" : {
                  "type" : "string"
                }
              },
              "Access-Control-Allow-Headers" : {
                "schema" : {
                  "type" : "string"
                }
              }
            },
            "content" : {
              "application/json" : {
                "schema" : {
                  "$ref" : "#/components/schemas/Empty"
                }
              }
            }
          }
        }
      }
    },
    "/api/board/posts/{postId}/view" : {
      "get" : {
        "parameters" : [ {
          "name" : "postId",
          "in" : "path",
          "required" : true,
          "schema" : {
            "type" : "string"
          }
        } ],
        "responses" : {
          "200" : {
            "description" : "200 response",
            "headers" : {
              "Access-Control-Allow-Origin" : {
                "schema" : {
                  "type" : "string"
                }
              }
            },
            "content" : {
              "application/json" : {
                "schema" : {
                  "$ref" : "#/components/schemas/Empty"
                }
              }
            }
          }
        }
      },
      "post" : {
        "parameters" : [ {
          "name" : "postId",
          "in" : "path",
          "required" : true,
          "schema" : {
            "type" : "string"
          }
        } ]
      },
      "options" : {
        "parameters" : [ {
          "name" : "postId",
          "in" : "path",
          "required" : true,
          "schema" : {
            "type" : "string"
          }
        } ],
        "responses" : {
          "200" : {
            "description" : "200 response",
            "headers" : {
              "Access-Control-Allow-Origin" : {
                "schema" : {
                  "type" : "string"
                }
              },
              "Access-Control-Allow-Methods" : {
                "schema" : {
                  "type" : "string"
                }
              },
              "Access-Control-Allow-Headers" : {
                "schema" : {
                  "type" : "string"
                }
              }
            },
            "content" : { }
          }
        }
      }
    },
    "/api/board/users/{userId}/comments" : {
      "get" : {
        "parameters" : [ {
          "name" : "userId",
          "in" : "path",
          "required" : true,
          "schema" : {
            "type" : "string"
          }
        } ],
        "responses" : {
          "200" : {
            "description" : "200 response",
            "content" : {
              "application/json" : {
                "schema" : {
                  "$ref" : "#/components/schemas/Empty"
                }
              }
            }
          }
        }
      }
    },
    "/api/notifications/user/{userId}/read" : {
      "put" : {
        "parameters" : [ {
          "name" : "userId",
          "in" : "path",
          "required" : true,
          "schema" : {
            "type" : "string"
          }
        } ],
        "responses" : {
          "200" : {
            "description" : "200 response",
            "headers" : {
              "Access-Control-Allow-Origin" : {
                "schema" : {
                  "type" : "string"
                }
              }
            },
            "content" : {
              "application/json" : {
                "schema" : {
                  "$ref" : "#/components/schemas/Empty"
                }
              }
            }
          }
        }
      },
      "options" : {
        "parameters" : [ {
          "name" : "userId",
          "in" : "path",
          "required" : true,
          "schema" : {
            "type" : "string"
          }
        } ],
        "responses" : {
          "200" : {
            "description" : "200 response",
            "headers" : {
              "Access-Control-Allow-Origin" : {
                "schema" : {
                  "type" : "string"
                }
              },
              "Access-Control-Allow-Methods" : {
                "schema" : {
                  "type" : "string"
                }
              },
              "Access-Control-Allow-Headers" : {
                "schema" : {
                  "type" : "string"
                }
              }
            },
            "content" : {
              "application/json" : {
                "schema" : {
                  "$ref" : "#/components/schemas/Empty"
                }
              }
            }
          }
        }
      }
    },
    "/api/board/posts/{postId}" : {
      "get" : {
        "parameters" : [ {
          "name" : "postId",
          "in" : "path",
          "required" : true,
          "schema" : {
            "type" : "string"
          }
        } ]
      },
      "put" : {
        "parameters" : [ {
          "name" : "postId",
          "in" : "path",
          "required" : true,
          "schema" : {
            "type" : "string"
          }
        } ]
      },
      "delete" : {
        "parameters" : [ {
          "name" : "postId",
          "in" : "path",
          "required" : true,
          "schema" : {
            "type" : "string"
          }
        } ]
      },
      "options" : {
        "parameters" : [ {
          "name" : "postId",
          "in" : "path",
          "required" : true,
          "schema" : {
            "type" : "string"
          }
        } ],
        "responses" : {
          "200" : {
            "description" : "200 response",
            "headers" : {
              "Access-Control-Allow-Origin" : {
                "schema" : {
                  "type" : "string"
                }
              },
              "Access-Control-Allow-Methods" : {
                "schema" : {
                  "type" : "string"
                }
              },
              "Access-Control-Allow-Headers" : {
                "schema" : {
                  "type" : "string"
                }
              }
            },
            "content" : { }
          }
        }
      }
    },
    "/api/portfolio" : {
      "get" : {
        "responses" : {
          "200" : {
            "description" : "200 response",
            "headers" : {
              "Access-Control-Allow-Origin" : {
                "schema" : {
                  "type" : "string"
                }
              }
            },
            "content" : {
              "application/json" : {
                "schema" : {
                  "$ref" : "#/components/schemas/Empty"
                }
              }
            }
          }
        }
      },
      "post" : {
        "responses" : {
          "200" : {
            "description" : "200 response",
            "headers" : {
              "Access-Control-Allow-Origin" : {
                "schema" : {
                  "type" : "string"
                }
              }
            },
            "content" : {
              "application/json" : {
                "schema" : {
                  "$ref" : "#/components/schemas/Empty"
                }
              }
            }
          }
        }
      },
      "options" : {
        "responses" : {
          "200" : {
            "description" : "200 response",
            "headers" : {
              "Access-Control-Allow-Origin" : {
                "schema" : {
                  "type" : "string"
                }
              },
              "Access-Control-Allow-Methods" : {
                "schema" : {
                  "type" : "string"
                }
              },
              "Access-Control-Allow-Headers" : {
                "schema" : {
                  "type" : "string"
                }
              }
            },
            "content" : {
              "application/json" : {
                "schema" : {
                  "$ref" : "#/components/schemas/Empty"
                }
              }
            }
          }
        }
      }
    }
  },
  "components" : {
    "schemas" : {
      "Empty" : {
        "title" : "Empty Schema",
        "type" : "object"
      }
    }
  },
  "x-amazon-apigateway-policy" : {
    "Version" : "2012-10-17",
    "Statement" : [ {
      "Effect" : "Allow",
      "Principal" : "*",
      "Action" : "execute-api:Invoke",
      "Resource" : "arn:aws:execute-api:ap-northeast-2:495547542579:7d1opsumn9/dev/*/*"
    } ]
  }
}