{
    "DistributionList": {
        "Items": [
            {
                "Id": "ESYDE68D76JLM",
                "ARN": "arn:aws:cloudfront::495547542579:distribution/ESYDE68D76JLM",
                "ETag": "EE2EM9KT0WK60",
                "Status": "Deployed",
                "LastModifiedTime": "2025-08-29T11:35:15.360000+00:00",
                "DomainName": "d12so42486otqg.cloudfront.net",
                "Aliases": {
                    "Quantity": 0
                },
                "Origins": {
                    "Quantity": 2,
                    "Items": [
                        {
                            "Id": "hippo-community-frontend.s3.ap-northeast-2.amazonaws.com-mewqfddt5bo",
                            "DomainName": "hippo-community-frontend.s3-website.ap-northeast-2.amazonaws.com",
                            "OriginPath": "",
                            "CustomHeaders": {
                                "Quantity": 0
                            },
                            "CustomOriginConfig": {
                                "HTTPPort": 80,
                                "HTTPSPort": 443,
                                "OriginProtocolPolicy": "http-only",
                                "OriginSslProtocols": {
                                    "Quantity": 4,
                                    "Items": [
                                        "SSLv3",
                                        "TLSv1",
                                        "TLSv1.1",
                                        "TLSv1.2"
                                    ]
                                },
                                "OriginReadTimeout": 30,
                                "OriginKeepaliveTimeout": 5
                            },
                            "ConnectionAttempts": 3,
                            "ConnectionTimeout": 10,
                            "OriginShield": {
                                "Enabled": false
                            },
                            "OriginAccessControlId": ""
                        },
                        {
                            "Id": "1hboxcdau6.execute-api.ap-northeast-2.amazonaws.com",
                            "DomainName": "1hboxcdau6.execute-api.ap-northeast-2.amazonaws.com",
                            "OriginPath": "/dev",
                            "CustomHeaders": {
                                "Quantity": 0
                            },
                            "CustomOriginConfig": {
                                "HTTPPort": 80,
                                "HTTPSPort": 443,
                                "OriginProtocolPolicy": "https-only",
                                "OriginSslProtocols": {
                                    "Quantity": 1,
                                    "Items": [
                                        "TLSv1.2"
                                    ]
                                },
                                "OriginReadTimeout": 30,
                                "OriginKeepaliveTimeout": 5
                            },
                            "ConnectionAttempts": 3,
                            "ConnectionTimeout": 10,
                            "OriginShield": {
                                "Enabled": false
                            },
                            "OriginAccessControlId": ""
                        }
                    ]
                },
                "OriginGroups": {
                    "Quantity": 0
                },
                "DefaultCacheBehavior": {
                    "TargetOriginId": "hippo-community-frontend.s3.ap-northeast-2.amazonaws.com-mewqfddt5bo",
                    "TrustedSigners": {
                        "Enabled": false,
                        "Quantity": 0
                    },
                    "TrustedKeyGroups": {
                        "Enabled": false,
                        "Quantity": 0
                    },
                    "ViewerProtocolPolicy": "https-only",
                    "AllowedMethods": {
                        "Quantity": 7,
                        "Items": [
                            "HEAD",
                            "DELETE",
                            "POST",
                            "GET",
                            "OPTIONS",
                            "PUT",
                            "PATCH"
                        ],
                        "CachedMethods": {
                            "Quantity": 2,
                            "Items": [
                                "HEAD",
                                "GET"
                            ]
                        }
                    },
                    "SmoothStreaming": false,
                    "Compress": true,
                    "LambdaFunctionAssociations": {
                        "Quantity": 0
                    },
                    "FunctionAssociations": {
                        "Quantity": 0
                    },
                    "FieldLevelEncryptionId": "",
                    "CachePolicyId": "658327ea-f89d-4fab-a63d-7e88639e58f6",
                    "OriginRequestPolicyId": "88a5eaf4-2fd4-4709-b370-b4c650ea3fcf",
                    "GrpcConfig": {
                        "Enabled": false
                    }
                },
                "CacheBehaviors": {
                    "Quantity": 1,
                    "Items": [
                        {
                            "PathPattern": "/api/*",
                            "TargetOriginId": "1hboxcdau6.execute-api.ap-northeast-2.amazonaws.com",
                            "TrustedSigners": {
                                "Enabled": false,
                                "Quantity": 0
                            },
                            "TrustedKeyGroups": {
                                "Enabled": false,
                                "Quantity": 0
                            },
                            "ViewerProtocolPolicy": "https-only",
                            "AllowedMethods": {
                                "Quantity": 7,
                                "Items": [
                                    "HEAD",
                                    "DELETE",
                                    "POST",
                                    "GET",
                                    "OPTIONS",
                                    "PUT",
                                    "PATCH"
                                ],
                                "CachedMethods": {
                                    "Quantity": 2,
                                    "Items": [
                                        "HEAD",
                                        "GET"
                                    ]
                                }
                            },
                            "SmoothStreaming": false,
                            "Compress": true,
                            "LambdaFunctionAssociations": {
                                "Quantity": 0
                            },
                            "FunctionAssociations": {
                                "Quantity": 0
                            },
                            "FieldLevelEncryptionId": "",
                            "CachePolicyId": "4135ea2d-6df8-44a3-9df3-4b5a84be39ad",
                            "OriginRequestPolicyId": "b689b0a8-53d0-40ab-baf2-68738e2966ac",
                            "GrpcConfig": {
                                "Enabled": false
                            }
                        }
                    ]
                },
                "CustomErrorResponses": {
                    "Quantity": 2,
                    "Items": [
                        {
                            "ErrorCode": 403,
                            "ResponsePagePath": "/index.html",
                            "ResponseCode": "200",
                            "ErrorCachingMinTTL": 10
                        },
                        {
                            "ErrorCode": 404,
                            "ResponsePagePath": "/index.html",
                            "ResponseCode": "200",
                            "ErrorCachingMinTTL": 10
                        }
                    ]
                },
                "Comment": "",
                "PriceClass": "PriceClass_All",
                "Enabled": true,
                "ViewerCertificate": {
                    "CloudFrontDefaultCertificate": true,
                    "SSLSupportMethod": "vip",
                    "MinimumProtocolVersion": "TLSv1",
                    "CertificateSource": "cloudfront"
                },
                "Restrictions": {
                    "GeoRestriction": {
                        "RestrictionType": "none",
                        "Quantity": 0
                    }
                },
                "WebACLId": "",
                "HttpVersion": "HTTP2",
                "IsIPV6Enabled": true,
                "Staging": false,
                "ConnectionMode": "direct"
            }
        ]
    }
}
